Round,Condition,Block_Number,Incentive_Type,Incentive_Recipient,Player_A_Choice,Player_B_Choice,Player_C_Choice,Player_A_White_Tokens,Player_A_Black_Tokens,Player_A_Round_Earnings,Player_A_Total_Payout,Player_B_White_Tokens,Player_B_Black_Tokens,Player_B_Round_Earnings,Player_B_Total_Payout,Player_C_White_Tokens,Player_C_Black_Tokens,Player_C_Round_Earnings,Player_C_Total_Payout,Culturant_Produced,White_Tokens_Remaining,Timestamp
1,High Culturant,1,Impulse Incentive,AI Player 1,ODD,ODD,EVEN,3,0,0.06,0.06,3,0,0.06,0.06,1,0,0.02,0.02,No,1243,2026-02-11T03:17:02.642Z
2,Equal Culturant-Operant,1,Self Control Incentive,AI Player 3,ODD,ODD,EVEN,6,0,0.03,0.09,6,0,0.03,0.09,2,0,0.01,0.03,No,1236,2026-02-11T03:17:14.851Z
3,High Culturant,1,None,None,ODD,ODD,EVEN,9,0,0.06,0.15,9,0,0.06,0.15,3,0,0.02,0.05,No,1229,2026-02-11T03:17:27.821Z
4,Equal Culturant-Operant,1,Impulse Incentive,AI Player 3,ODD,EVEN,ODD,12,0,0.03,0.18,10,0,0.01,0.16,6,0,0.03,0.08,No,1222,2026-02-11T03:17:41.578Z
5,Equal Culturant-Operant,1,Impulse Incentive,AI Player 2,ODD,EVEN,ODD,15,0,0.03,0.21,11,0,0.01,0.17,9,0,0.03,0.11,No,1215,2026-02-11T03:17:56.529Z
6,High Operant,1,Self Control Incentive,AI Player 1,EVEN,EVEN,EVEN,16,1,0.07,0.28,12,1,0.07,0.24,10,1,0.07,0.18,Yes,1212,2026-02-11T03:18:09.898Z
7,High Culturant,1,Self Control Incentive,AI Player 1,ODD,ODD,ODD,19,1,0.06,0.34,15,1,0.06,0.30,13,1,0.06,0.24,No,1203,2026-02-11T03:18:25.605Z
8,Equal Culturant-Operant,1,None,None,ODD,EVEN,EVEN,22,1,0.03,0.37,16,1,0.01,0.31,14,1,0.01,0.25,No,1198,2026-02-11T03:18:39.364Z
9,Equal Culturant-Operant,1,Self Control Incentive,AI Player 1,EVEN,ODD,EVEN,23,1,0.01,0.38,19,1,0.03,0.34,15,1,0.01,0.26,No,1193,2026-02-11T03:18:51.871Z
10,High Operant,1,Impulse Incentive,AI Player 1,EVEN,EVEN,EVEN,24,2,0.07,0.45,20,2,0.07,0.41,16,2,0.07,0.33,Yes,1190,2026-02-11T03:19:05.399Z
11,High Culturant,1,Self Control Incentive,AI Player 2,ODD,EVEN,ODD,27,2,0.06,0.51,21,2,0.02,0.43,19,2,0.06,0.39,No,1183,2026-02-11T03:19:19.442Z
12,High Operant,1,Self Control Incentive,AI Player 2,ODD,ODD,EVEN,30,2,0.09,0.60,24,2,0.09,0.52,20,2,0.03,0.42,No,1176,2026-02-11T03:19:32.762Z
13,High Culturant,1,Impulse Incentive,AI Player 3,EVEN,ODD,EVEN,31,2,0.02,0.62,27,2,0.06,0.58,21,2,0.02,0.44,No,1171,2026-02-11T03:19:46.740Z
14,High Operant,1,Impulse Incentive,AI Player 2,ODD,EVEN,ODD,34,2,0.09,0.71,28,2,0.03,0.61,24,2,0.09,0.53,No,1164,2026-02-11T03:20:00.607Z
15,High Operant,1,Impulse Incentive,AI Player 3,ODD,ODD,EVEN,37,2,0.09,0.80,31,2,0.09,0.70,25,2,0.03,0.56,No,1157,2026-02-11T03:20:13.208Z
16,Equal Culturant-Operant,1,Impulse Incentive,AI Player 1,EVEN,EVEN,EVEN,38,3,0.03,0.83,32,3,0.03,0.73,26,3,0.03,0.59,Yes,1154,2026-02-11T03:20:27.138Z
17,High Operant,1,Self Control Incentive,AI Player 3,EVEN,EVEN,EVEN,39,4,0.07,0.90,33,4,0.07,0.80,27,4,0.07,0.66,Yes,1151,2026-02-11T03:20:40.374Z
18,High Culturant,1,Self Control Incentive,AI Player 3,ODD,EVEN,EVEN,42,4,0.06,0.96,34,4,0.02,0.82,28,4,0.02,0.68,No,1146,2026-02-11T03:20:54.344Z
19,High Culturant,1,Impulse Incentive,AI Player 2,ODD,ODD,EVEN,45,4,0.06,1.02,37,4,0.06,0.88,29,4,0.02,0.70,No,1139,2026-02-11T03:21:07.905Z
20,Equal Culturant-Operant,1,Self Control Incentive,AI Player 2,ODD,EVEN,EVEN,48,4,0.03,1.05,38,4,0.01,0.89,30,4,0.01,0.71,No,1134,2026-02-11T03:21:20.333Z
21,High Operant,1,None,None,EVEN,EVEN,ODD,49,4,0.03,1.08,39,4,0.03,0.92,33,4,0.09,0.80,No,1129,2026-02-11T03:21:33.317Z
22,High Operant,2,None,None,ODD,ODD,ODD,52,4,0.09,1.17,42,4,0.09,1.01,36,4,0.09,0.89,No,1120,2026-02-11T03:21:45.387Z
23,High Operant,2,Impulse Incentive,AI Player 1,EVEN,ODD,ODD,53,4,0.03,1.20,45,4,0.09,1.10,39,4,0.09,0.98,No,1113,2026-02-11T03:21:58.774Z
24,High Operant,2,Self Control Incentive,AI Player 3,ODD,ODD,ODD,56,4,0.09,1.29,48,4,0.09,1.19,42,4,0.09,1.07,No,1104,2026-02-11T03:22:11.627Z
25,High Culturant,2,Impulse Incentive,AI Player 1,EVEN,EVEN,ODD,57,4,0.02,1.31,49,4,0.02,1.21,45,4,0.06,1.13,No,1099,2026-02-11T03:22:25.047Z
26,High Culturant,2,Impulse Incentive,AI Player 2,EVEN,EVEN,ODD,58,4,0.02,1.33,50,4,0.02,1.23,48,4,0.06,1.19,No,1094,2026-02-11T03:22:36.658Z
27,Equal Culturant-Operant,2,Self Control Incentive,AI Player 3,EVEN,EVEN,EVEN,59,5,0.03,1.36,51,5,0.03,1.26,49,5,0.03,1.22,Yes,1091,2026-02-11T03:22:48.474Z
28,Equal Culturant-Operant,2,Self Control Incentive,AI Player 2,EVEN,ODD,ODD,60,5,0.01,1.37,54,5,0.03,1.29,52,5,0.03,1.25,No,1084,2026-02-11T03:23:01.506Z
29,Equal Culturant-Operant,2,Self Control Incentive,AI Player 1,EVEN,ODD,EVEN,61,5,0.01,1.38,57,5,0.03,1.32,53,5,0.01,1.26,No,1079,2026-02-11T03:23:15.234Z
30,Equal Culturant-Operant,2,Impulse Incentive,AI Player 2,ODD,EVEN,ODD,64,5,0.03,1.41,58,5,0.01,1.33,56,5,0.03,1.29,No,1072,2026-02-11T03:23:29.438Z
31,Equal Culturant-Operant,2,None,None,EVEN,ODD,EVEN,65,5,0.01,1.42,61,5,0.03,1.36,57,5,0.01,1.30,No,1067,2026-02-11T03:23:42.816Z
32,High Culturant,2,Impulse Incentive,AI Player 3,ODD,EVEN,EVEN,68,5,0.06,1.48,62,5,0.02,1.38,58,5,0.02,1.32,No,1062,2026-02-11T03:23:56.293Z
33,High Operant,2,Impulse Incentive,AI Player 3,ODD,ODD,ODD,71,5,0.09,1.57,65,5,0.09,1.47,61,5,0.09,1.41,No,1053,2026-02-11T03:24:10.945Z
34,High Culturant,2,Self Control Incentive,AI Player 3,ODD,EVEN,ODD,74,5,0.06,1.63,66,5,0.02,1.49,64,5,0.06,1.47,No,1046,2026-02-11T03:24:25.043Z
35,High Culturant,2,Self Control Incentive,AI Player 2,EVEN,EVEN,EVEN,75,6,0.09,1.72,67,6,0.09,1.58,65,6,0.09,1.56,Yes,1043,2026-02-11T03:24:38.586Z
36,High Culturant,2,Self Control Incentive,AI Player 1,ODD,ODD,ODD,78,6,0.06,1.78,70,6,0.06,1.64,68,6,0.06,1.62,No,1034,2026-02-11T03:24:53.289Z
37,High Operant,2,Impulse Incentive,AI Player 2,EVEN,EVEN,ODD,79,6,0.03,1.81,71,6,0.03,1.67,71,6,0.09,1.71,No,1029,2026-02-11T03:25:08.996Z
38,High Culturant,2,None,None,ODD,ODD,EVEN,82,6,0.06,1.87,74,6,0.06,1.73,72,6,0.02,1.73,No,1022,2026-02-11T03:25:24.337Z
39,High Operant,2,Self Control Incentive,AI Player 1,EVEN,EVEN,EVEN,83,7,0.07,1.94,75,7,0.07,1.80,73,7,0.07,1.80,Yes,1019,2026-02-11T03:25:37.372Z
40,High Operant,2,Self Control Incentive,AI Player 2,ODD,EVEN,EVEN,86,7,0.09,2.03,76,7,0.03,1.83,74,7,0.03,1.83,No,1014,2026-02-11T03:25:50.886Z
41,Equal Culturant-Operant,2,Impulse Incentive,AI Player 1,ODD,ODD,EVEN,89,7,0.03,2.06,79,7,0.03,1.86,75,7,0.01,1.84,No,1007,2026-02-11T03:26:04.693Z
42,Equal Culturant-Operant,2,Impulse Incentive,AI Player 3,ODD,ODD,EVEN,92,7,0.03,2.09,82,7,0.03,1.89,76,7,0.01,1.85,No,1000,2026-02-11T03:26:20.005Z
43,Equal Culturant-Operant,3,None,None,ODD,EVEN,ODD,95,7,0.03,2.12,83,7,0.01,1.90,79,7,0.03,1.88,No,993,2026-02-11T03:26:33.207Z
44,Equal Culturant-Operant,3,Impulse Incentive,AI Player 3,ODD,ODD,EVEN,98,7,0.03,2.15,86,7,0.03,1.93,80,7,0.01,1.89,No,986,2026-02-11T03:26:47.652Z
45,High Operant,3,Impulse Incentive,AI Player 1,EVEN,ODD,EVEN,99,7,0.03,2.18,89,7,0.09,2.02,81,7,0.03,1.92,No,981,2026-02-11T03:27:01.846Z
46,High Culturant,3,Self Control Incentive,AI Player 1,EVEN,EVEN,ODD,100,7,0.02,2.20,90,7,0.02,2.04,84,7,0.06,1.98,No,976,2026-02-11T03:27:14.325Z
47,High Culturant,3,None,None,ODD,ODD,ODD,103,7,0.06,2.26,93,7,0.06,2.10,87,7,0.06,2.04,No,967,2026-02-11T03:27:28.052Z
48,High Culturant,3,Impulse Incentive,AI Player 1,EVEN,EVEN,EVEN,104,8,0.09,2.35,94,8,0.09,2.19,88,8,0.09,2.13,Yes,964,2026-02-11T03:27:41.360Z
49,High Operant,3,Self Control Incentive,AI Player 1,ODD,EVEN,EVEN,107,8,0.09,2.44,95,8,0.03,2.22,89,8,0.03,2.16,No,959,2026-02-11T03:27:55.391Z
50,High Culturant,3,Impulse Incentive,AI Player 3,EVEN,EVEN,ODD,108,8,0.02,2.46,96,8,0.02,2.24,92,8,0.06,2.22,No,954,2026-02-11T03:28:09.228Z
51,High Operant,3,Impulse Incentive,AI Player 2,EVEN,ODD,EVEN,109,8,0.03,2.49,99,8,0.09,2.33,93,8,0.03,2.25,No,949,2026-02-11T03:28:23.373Z
52,Equal Culturant-Operant,3,Impulse Incentive,AI Player 1,EVEN,EVEN,EVEN,110,9,0.03,2.52,100,9,0.03,2.36,94,9,0.03,2.28,Yes,946,2026-02-11T03:28:37.028Z
53,Equal Culturant-Operant,3,Self Control Incentive,AI Player 1,ODD,ODD,ODD,113,9,0.03,2.55,103,9,0.03,2.39,97,9,0.03,2.31,No,937,2026-02-11T03:28:49.196Z
54,Equal Culturant-Operant,3,Self Control Incentive,AI Player 2,ODD,ODD,EVEN,116,9,0.03,2.58,106,9,0.03,2.42,98,9,0.01,2.32,No,930,2026-02-11T03:29:03.131Z
55,High Culturant,3,Self Control Incentive,AI Player 2,EVEN,ODD,EVEN,117,9,0.02,2.60,109,9,0.06,2.48,99,9,0.02,2.34,No,925,2026-02-11T03:29:17.389Z
56,High Operant,3,Impulse Incentive,AI Player 3,EVEN,EVEN,EVEN,118,10,0.07,2.67,110,10,0.07,2.55,100,10,0.07,2.41,Yes,922,2026-02-11T03:29:31.762Z
57,High Culturant,3,Self Control Incentive,AI Player 3,ODD,EVEN,EVEN,121,10,0.06,2.73,111,10,0.02,2.57,101,10,0.02,2.43,No,917,2026-02-11T03:29:46.344Z
58,High Operant,3,None,None,EVEN,EVEN,ODD,122,10,0.03,2.76,112,10,0.03,2.60,104,10,0.09,2.52,No,912,2026-02-11T03:29:58.294Z
59,High Culturant,3,Impulse Incentive,AI Player 2,ODD,ODD,EVEN,125,10,0.06,2.82,115,10,0.06,2.66,105,10,0.02,2.54,No,905,2026-02-11T03:30:12.614Z
60,Equal Culturant-Operant,3,Impulse Incentive,AI Player 2,EVEN,EVEN,EVEN,126,11,0.03,2.85,116,11,0.03,2.69,106,11,0.03,2.57,Yes,902,2026-02-11T03:30:24.791Z
61,High Operant,3,Self Control Incentive,AI Player 3,ODD,EVEN,EVEN,129,11,0.09,2.94,117,11,0.03,2.72,107,11,0.03,2.60,No,897,2026-02-11T03:30:39.979Z
62,Equal Culturant-Operant,3,Self Control Incentive,AI Player 3,EVEN,ODD,EVEN,130,11,0.01,2.95,120,11,0.03,2.75,108,11,0.01,2.61,No,892,2026-02-11T03:30:54.033Z
63,High Operant,3,Self Control Incentive,AI Player 2,EVEN,EVEN,EVEN,131,12,0.07,3.02,121,12,0.07,2.82,109,12,0.07,2.68,Yes,889,2026-02-11T03:31:05.934Z
64,High Operant,4,Self Control Incentive,AI Player 1,EVEN,ODD,EVEN,132,12,0.03,3.05,124,12,0.09,2.91,110,12,0.03,2.71,No,884,2026-02-11T03:31:20.828Z
65,High Culturant,4,Impulse Incentive,AI Player 1,EVEN,EVEN,EVEN,133,13,0.09,3.14,125,13,0.09,3.00,111,13,0.09,2.80,Yes,881,2026-02-11T03:31:33.977Z
66,High Culturant,4,Self Control Incentive,AI Player 1,EVEN,EVEN,EVEN,134,14,0.09,3.23,126,14,0.09,3.09,112,14,0.09,2.89,Yes,878,2026-02-11T03:31:46.900Z
67,Equal Culturant-Operant,4,Self Control Incentive,AI Player 1,ODD,EVEN,EVEN,137,14,0.03,3.26,127,14,0.01,3.10,113,14,0.01,2.90,No,873,2026-02-11T03:32:01.792Z
68,High Operant,4,Self Control Incentive,AI Player 3,ODD,ODD,ODD,140,14,0.09,3.35,130,14,0.09,3.19,116,14,0.09,2.99,No,864,2026-02-11T03:32:14.168Z
69,Equal Culturant-Operant,4,Impulse Incentive,AI Player 2,ODD,ODD,ODD,143,14,0.03,3.38,133,14,0.03,3.22,119,14,0.03,3.02,No,855,2026-02-11T03:32:27.124Z
70,High Culturant,4,Self Control Incentive,AI Player 3,EVEN,EVEN,EVEN,144,15,0.09,3.47,134,15,0.09,3.31,120,15,0.09,3.11,Yes,852,2026-02-11T03:32:40.896Z
71,High Operant,4,Impulse Incentive,AI Player 2,ODD,ODD,EVEN,147,15,0.09,3.56,137,15,0.09,3.40,121,15,0.03,3.14,No,845,2026-02-11T03:32:55.139Z
72,Equal Culturant-Operant,4,Self Control Incentive,AI Player 2,ODD,ODD,EVEN,150,15,0.03,3.59,140,15,0.03,3.43,122,15,0.01,3.15,No,838,2026-02-11T03:33:08.046Z
73,Equal Culturant-Operant,4,None,None,EVEN,ODD,ODD,151,15,0.01,3.60,143,15,0.03,3.46,125,15,0.03,3.18,No,831,2026-02-11T03:33:21.276Z
74,Equal Culturant-Operant,4,Impulse Incentive,AI Player 1,ODD,EVEN,ODD,154,15,0.03,3.63,144,15,0.01,3.47,128,15,0.03,3.21,No,824,2026-02-11T03:33:33.840Z
75,High Operant,4,None,None,ODD,EVEN,EVEN,157,15,0.09,3.72,145,15,0.03,3.50,129,15,0.03,3.24,No,819,2026-02-11T03:33:46.347Z
76,High Culturant,4,Impulse Incentive,AI Player 2,ODD,ODD,ODD,160,15,0.06,3.78,148,15,0.06,3.56,132,15,0.06,3.30,No,810,2026-02-11T03:34:00.914Z
77,High Operant,4,Impulse Incentive,AI Player 1,EVEN,ODD,EVEN,161,15,0.03,3.81,151,15,0.09,3.65,133,15,0.03,3.33,No,805,2026-02-11T03:34:16.606Z
78,High Culturant,4,Impulse Incentive,AI Player 3,ODD,EVEN,ODD,164,15,0.06,3.87,152,15,0.02,3.67,136,15,0.06,3.39,No,798,2026-02-11T03:34:30.727Z
79,Equal Culturant-Operant,4,Impulse Incentive,AI Player 3,ODD,ODD,ODD,167,15,0.03,3.90,155,15,0.03,3.70,139,15,0.03,3.42,No,789,2026-02-11T03:34:43.284Z
80,Equal Culturant-Operant,4,Self Control Incentive,AI Player 3,EVEN,ODD,ODD,168,15,0.01,3.91,158,15,0.03,3.73,142,15,0.03,3.45,No,782,2026-02-11T03:34:54.660Z
81,High Operant,4,Impulse Incentive,AI Player 3,EVEN,EVEN,EVEN,169,16,0.07,3.98,159,16,0.07,3.80,143,16,0.07,3.52,Yes,779,2026-02-11T03:35:07.336Z
82,High Culturant,4,Self Control Incentive,AI Player 2,ODD,EVEN,ODD,172,16,0.06,4.04,160,16,0.02,3.82,146,16,0.06,3.58,No,772,2026-02-11T03:35:20.499Z
83,High Operant,4,Self Control Incentive,AI Player 2,EVEN,EVEN,ODD,173,16,0.03,4.07,161,16,0.03,3.85,149,16,0.09,3.67,No,767,2026-02-11T03:35:35.562Z
84,High Culturant,4,None,None,EVEN,EVEN,ODD,174,16,0.02,4.09,162,16,0.02,3.87,152,16,0.06,3.73,No,762,2026-02-11T03:35:49.237Z
85,High Operant,5,Impulse Incentive,AI Player 3,EVEN,ODD,EVEN,175,16,0.03,4.12,165,16,0.09,3.96,153,16,0.03,3.76,No,757,2026-02-11T03:36:02.618Z
86,Equal Culturant-Operant,5,Impulse Incentive,AI Player 2,EVEN,EVEN,EVEN,176,17,0.03,4.15,166,17,0.03,3.99,154,17,0.03,3.79,Yes,754,2026-02-11T03:36:15.971Z
87,Equal Culturant-Operant,5,Self Control Incentive,AI Player 3,EVEN,ODD,ODD,177,17,0.01,4.16,169,17,0.03,4.02,157,17,0.03,3.82,No,747,2026-02-11T03:36:29.046Z
88,High Operant,5,Self Control Incentive,AI Player 2,EVEN,EVEN,ODD,178,17,0.03,4.19,170,17,0.03,4.05,160,17,0.09,3.91,No,742,2026-02-11T03:36:42.223Z
89,High Operant,5,None,None,EVEN,ODD,EVEN,179,17,0.03,4.22,173,17,0.09,4.14,161,17,0.03,3.94,No,737,2026-02-11T03:36:55.898Z
90,High Operant,5,Impulse Incentive,AI Player 1,EVEN,EVEN,ODD,180,17,0.03,4.25,174,17,0.03,4.17,164,17,0.09,4.03,No,732,2026-02-11T03:37:10.057Z
91,Equal Culturant-Operant,5,Self Control Incentive,AI Player 2,ODD,EVEN,ODD,183,17,0.03,4.28,175,17,0.01,4.18,167,17,0.03,4.06,No,725,2026-02-11T03:37:21.051Z
92,High Operant,5,Impulse Incentive,AI Player 2,ODD,ODD,ODD,186,17,0.09,4.37,178,17,0.09,4.27,170,17,0.09,4.15,No,716,2026-02-11T03:37:35.785Z
93,Equal Culturant-Operant,5,Impulse Incentive,AI Player 3,ODD,EVEN,ODD,189,17,0.03,4.40,179,17,0.01,4.28,173,17,0.03,4.18,No,709,2026-02-11T03:37:49.561Z
94,High Operant,5,Self Control Incentive,AI Player 3,ODD,EVEN,EVEN,192,17,0.09,4.49,180,17,0.03,4.31,174,17,0.03,4.21,No,704,2026-02-11T03:38:02.297Z
95,High Culturant,5,Self Control Incentive,AI Player 2,EVEN,EVEN,ODD,193,17,0.02,4.51,181,17,0.02,4.33,177,17,0.06,4.27,No,699,2026-02-11T03:38:17.024Z
96,High Culturant,5,Impulse Incentive,AI Player 2,ODD,EVEN,EVEN,196,17,0.06,4.57,182,17,0.02,4.35,178,17,0.02,4.29,No,694,2026-02-11T03:38:30.549Z
97,Equal Culturant-Operant,5,None,None,EVEN,EVEN,ODD,197,17,0.01,4.58,183,17,0.01,4.36,181,17,0.03,4.32,No,689,2026-02-11T03:38:45.819Z
98,High Culturant,5,Self Control Incentive,AI Player 1,EVEN,ODD,ODD,198,17,0.02,4.60,186,17,0.06,4.42,184,17,0.06,4.38,No,682,2026-02-11T03:38:59.162Z
99,High Culturant,5,None,None,ODD,EVEN,EVEN,201,17,0.06,4.66,187,17,0.02,4.44,185,17,0.02,4.40,No,677,2026-02-11T03:39:12.347Z
100,High Culturant,5,Impulse Incentive,AI Player 1,EVEN,ODD,ODD,202,17,0.02,4.68,190,17,0.06,4.50,188,17,0.06,4.46,No,670,2026-02-11T03:39:27.526Z
101,High Operant,5,Self Control Incentive,AI Player 1,ODD,ODD,EVEN,205,17,0.09,4.77,193,17,0.09,4.59,189,17,0.03,4.49,No,663,2026-02-11T03:39:40.637Z
102,High Culturant,5,Self Control Incentive,AI Player 3,EVEN,ODD,EVEN,206,17,0.02,4.79,196,17,0.06,4.65,190,17,0.02,4.51,No,658,2026-02-11T03:39:53.843Z
103,High Culturant,5,Impulse Incentive,AI Player 3,ODD,ODD,ODD,209,17,0.06,4.85,199,17,0.06,4.71,193,17,0.06,4.57,No,649,2026-02-11T03:40:07.284Z
104,Equal Culturant-Operant,5,Impulse Incentive,AI Player 1,EVEN,EVEN,ODD,210,17,0.01,4.86,200,17,0.01,4.72,196,17,0.03,4.60,No,644,2026-02-11T03:40:22.041Z
105,Equal Culturant-Operant,5,Self Control Incentive,AI Player 1,ODD,ODD,EVEN,213,17,0.03,4.89,203,17,0.03,4.75,197,17,0.01,4.61,No,637,2026-02-11T03:40:35.364Z
106,High Culturant,6,Self Control Incentive,AI Player 2,EVEN,EVEN,EVEN,214,18,0.09,4.98,204,18,0.09,4.84,198,18,0.09,4.70,Yes,634,2026-02-11T03:40:47.755Z
107,High Operant,6,Impulse Incentive,AI Player 1,ODD,EVEN,EVEN,217,18,0.09,5.07,205,18,0.03,4.87,199,18,0.03,4.73,No,629,2026-02-11T03:41:02.070Z
108,Equal Culturant-Operant,6,None,None,ODD,EVEN,ODD,220,18,0.03,5.10,206,18,0.01,4.88,202,18,0.03,4.76,No,622,2026-02-11T03:41:15.731Z
109,High Culturant,6,None,None,ODD,EVEN,EVEN,223,18,0.06,5.16,207,18,0.02,4.90,203,18,0.02,4.78,No,617,2026-02-11T03:41:27.644Z
110,High Culturant,6,Impulse Incentive,AI Player 1,EVEN,EVEN,ODD,224,18,0.02,5.18,208,18,0.02,4.92,206,18,0.06,4.84,No,612,2026-02-11T03:41:41.942Z
111,High Culturant,6,Impulse Incentive,AI Player 3,ODD,ODD,EVEN,227,18,0.06,5.24,211,18,0.06,4.98,207,18,0.02,4.86,No,605,2026-02-11T03:41:54.843Z
112,High Operant,6,Impulse Incentive,AI Player 3,EVEN,ODD,EVEN,228,18,0.03,5.27,214,18,0.09,5.07,208,18,0.03,4.89,No,600,2026-02-11T03:42:07.392Z
113,High Operant,6,Self Control Incentive,AI Player 3,ODD,ODD,ODD,231,18,0.09,5.36,217,18,0.09,5.16,211,18,0.09,4.98,No,591,2026-02-11T03:42:19.364Z
114,High Operant,6,Self Control Incentive,AI Player 2,EVEN,ODD,ODD,232,18,0.03,5.39,220,18,0.09,5.25,214,18,0.09,5.07,No,584,2026-02-11T03:42:31.699Z
115,High Operant,6,Impulse Incentive,AI Player 2,EVEN,ODD,ODD,233,18,0.03,5.42,223,18,0.09,5.34,217,18,0.09,5.16,No,577,2026-02-11T03:42:46.402Z
116,Equal Culturant-Operant,6,Self Control Incentive,AI Player 1,EVEN,EVEN,ODD,234,18,0.01,5.43,224,18,0.01,5.35,220,18,0.03,5.19,No,572,2026-02-11T03:43:00.693Z
117,Equal Culturant-Operant,6,Impulse Incentive,AI Player 2,EVEN,ODD,ODD,235,18,0.01,5.44,227,18,0.03,5.38,223,18,0.03,5.22,No,565,2026-02-11T03:43:14.255Z
118,High Culturant,6,Self Control Incentive,AI Player 1,ODD,EVEN,EVEN,238,18,0.06,5.50,228,18,0.02,5.40,224,18,0.02,5.24,No,560,2026-02-11T03:43:28.311Z
119,Equal Culturant-Operant,6,Impulse Incentive,AI Player 1,EVEN,ODD,EVEN,239,18,0.01,5.51,231,18,0.03,5.43,225,18,0.01,5.25,No,555,2026-02-11T03:43:40.259Z
120,High Operant,6,None,None,ODD,ODD,ODD,242,18,0.09,5.60,234,18,0.09,5.52,228,18,0.09,5.34,No,546,2026-02-11T03:43:52.209Z
121,High Culturant,6,Self Control Incentive,AI Player 3,EVEN,EVEN,EVEN,243,19,0.09,5.69,235,19,0.09,5.61,229,19,0.09,5.43,Yes,543,2026-02-11T03:44:04.170Z
122,High Operant,6,Self Control Incentive,AI Player 1,EVEN,EVEN,ODD,244,19,0.03,5.72,236,19,0.03,5.64,232,19,0.09,5.52,No,538,2026-02-11T03:44:17.272Z
123,High Culturant,6,Impulse Incentive,AI Player 2,EVEN,ODD,EVEN,245,19,0.02,5.74,239,19,0.06,5.70,233,19,0.02,5.54,No,533,2026-02-11T03:44:30.400Z
124,Equal Culturant-Operant,6,Self Control Incentive,AI Player 3,ODD,EVEN,ODD,248,19,0.03,5.77,240,19,0.01,5.71,236,19,0.03,5.57,No,526,2026-02-11T03:44:43.976Z
125,Equal Culturant-Operant,6,Impulse Incentive,AI Player 3,ODD,ODD,EVEN,251,19,0.03,5.80,243,19,0.03,5.74,237,19,0.01,5.58,No,519,2026-02-11T03:44:57.716Z
126,Equal Culturant-Operant,6,Self Control Incentive,AI Player 2,EVEN,EVEN,EVEN,252,20,0.03,5.83,244,20,0.03,5.77,238,20,0.03,5.61,Yes,516,2026-02-11T03:45:09.978Z
127,Equal Culturant-Operant,7,Self Control Incentive,AI Player 1,EVEN,EVEN,ODD,253,20,0.01,5.84,245,20,0.01,5.78,241,20,0.03,5.64,No,511,2026-02-11T03:45:24.989Z
128,High Operant,7,Self Control Incentive,AI Player 1,EVEN,ODD,ODD,254,20,0.03,5.87,248,20,0.09,5.87,244,20,0.09,5.73,No,504,2026-02-11T03:45:37.386Z
129,Equal Culturant-Operant,7,Self Control Incentive,AI Player 2,ODD,EVEN,EVEN,257,20,0.03,5.90,249,20,0.01,5.88,245,20,0.01,5.74,No,499,2026-02-11T03:45:51.228Z
130,High Operant,7,Impulse Incentive,AI Player 1,ODD,ODD,EVEN,260,20,0.09,5.99,252,20,0.09,5.97,246,20,0.03,5.77,No,492,2026-02-11T03:46:04.246Z
131,Equal Culturant-Operant,7,Impulse Incentive,AI Player 1,ODD,ODD,EVEN,263,20,0.03,6.02,255,20,0.03,6.00,247,20,0.01,5.78,No,485,2026-02-11T03:46:16.960Z
132,Equal Culturant-Operant,7,Impulse Incentive,AI Player 3,EVEN,ODD,EVEN,264,20,0.01,6.03,258,20,0.03,6.03,248,20,0.01,5.79,No,480,2026-02-11T03:46:28.573Z
133,High Operant,7,None,None,ODD,EVEN,EVEN,267,20,0.09,6.12,259,20,0.03,6.06,249,20,0.03,5.82,No,475,2026-02-11T03:46:42.945Z
134,High Culturant,7,Self Control Incentive,AI Player 3,ODD,EVEN,ODD,270,20,0.06,6.18,260,20,0.02,6.08,252,20,0.06,5.88,No,468,2026-02-11T03:46:57.481Z
135,High Culturant,7,Impulse Incentive,AI Player 1,EVEN,ODD,ODD,271,20,0.02,6.20,263,20,0.06,6.14,255,20,0.06,5.94,No,461,2026-02-11T03:47:12.200Z
136,High Culturant,7,None,None,EVEN,ODD,ODD,272,20,0.02,6.22,266,20,0.06,6.20,258,20,0.06,6.00,No,454,2026-02-11T03:47:26.551Z
137,Equal Culturant-Operant,7,Self Control Incentive,AI Player 3,ODD,ODD,EVEN,275,20,0.03,6.25,269,20,0.03,6.23,259,20,0.01,6.01,No,447,2026-02-11T03:47:41.334Z
138,High Culturant,7,Impulse Incentive,AI Player 2,ODD,EVEN,EVEN,278,20,0.06,6.31,270,20,0.02,6.25,260,20,0.02,6.03,No,442,2026-02-11T03:47:54.718Z
139,Equal Culturant-Operant,7,Impulse Incentive,AI Player 2,ODD,ODD,EVEN,281,20,0.03,6.34,273,20,0.03,6.28,261,20,0.01,6.04,No,435,2026-02-11T03:48:09.645Z
140,High Operant,7,Impulse Incentive,AI Player 2,EVEN,ODD,ODD,282,20,0.03,6.37,276,20,0.09,6.37,264,20,0.09,6.13,No,428,2026-02-11T03:48:23.115Z
141,High Culturant,7,Self Control Incentive,AI Player 1,ODD,EVEN,EVEN,285,20,0.06,6.43,277,20,0.02,6.39,265,20,0.02,6.15,No,423,2026-02-11T03:48:37.370Z
142,High Operant,7,Impulse Incentive,AI Player 3,ODD,ODD,EVEN,288,20,0.09,6.52,280,20,0.09,6.48,266,20,0.03,6.18,No,416,2026-02-11T03:48:50.035Z
143,High Operant,7,Self Control Incentive,AI Player 2,ODD,EVEN,ODD,291,20,0.09,6.61,281,20,0.03,6.51,269,20,0.09,6.27,No,409,2026-02-11T03:49:03.746Z
144,High Culturant,7,Self Control Incentive,AI Player 2,EVEN,EVEN,ODD,292,20,0.02,6.63,282,20,0.02,6.53,272,20,0.06,6.33,No,404,2026-02-11T03:49:18.578Z
145,High Operant,7,Self Control Incentive,AI Player 3,ODD,ODD,ODD,295,20,0.09,6.72,285,20,0.09,6.62,275,20,0.09,6.42,No,395,2026-02-11T03:49:33.618Z
146,Equal Culturant-Operant,7,None,None,ODD,ODD,ODD,298,20,0.03,6.75,288,20,0.03,6.65,278,20,0.03,6.45,No,386,2026-02-11T03:49:47.706Z
147,High Culturant,7,Impulse Incentive,AI Player 3,EVEN,ODD,ODD,299,20,0.02,6.77,291,20,0.06,6.71,281,20,0.06,6.51,No,379,2026-02-11T03:49:59.684Z
148,High Operant,8,Impulse Incentive,AI Player 1,EVEN,ODD,ODD,300,20,0.03,6.80,294,20,0.09,6.80,284,20,0.09,6.60,No,372,2026-02-11T03:50:12.931Z
149,High Culturant,8,Self Control Incentive,AI Player 2,ODD,EVEN,ODD,303,20,0.06,6.86,295,20,0.02,6.82,287,20,0.06,6.66,No,365,2026-02-11T03:50:27.787Z
150,High Culturant,8,Impulse Incentive,AI Player 1,EVEN,EVEN,EVEN,304,21,0.09,6.95,296,21,0.09,6.91,288,21,0.09,6.75,Yes,362,2026-02-11T03:50:42.028Z
151,High Operant,8,Impulse Incentive,AI Player 3,EVEN,EVEN,EVEN,305,22,0.07,7.02,297,22,0.07,6.98,289,22,0.07,6.82,Yes,359,2026-02-11T03:50:55.329Z
152,Equal Culturant-Operant,8,Impulse Incentive,AI Player 3,ODD,ODD,ODD,308,22,0.03,7.05,300,22,0.03,7.01,292,22,0.03,6.85,No,350,2026-02-11T03:51:09.767Z
153,Equal Culturant-Operant,8,Impulse Incentive,AI Player 1,ODD,EVEN,ODD,311,22,0.03,7.08,301,22,0.01,7.02,295,22,0.03,6.88,No,343,2026-02-11T03:51:24.080Z
154,High Operant,8,Self Control Incentive,AI Player 1,EVEN,ODD,ODD,312,22,0.03,7.11,304,22,0.09,7.11,298,22,0.09,6.97,No,336,2026-02-11T03:51:36.731Z
155,High Operant,8,None,None,ODD,ODD,EVEN,315,22,0.09,7.20,307,22,0.09,7.20,299,22,0.03,7.00,No,329,2026-02-11T03:51:49.811Z
156,High Operant,8,Self Control Incentive,AI Player 3,EVEN,EVEN,ODD,316,22,0.03,7.23,308,22,0.03,7.23,302,22,0.09,7.09,No,324,2026-02-11T03:52:02.940Z
157,High Culturant,8,Impulse Incentive,AI Player 3,ODD,EVEN,EVEN,319,22,0.06,7.29,309,22,0.02,7.25,303,22,0.02,7.11,No,319,2026-02-11T03:52:17.954Z
158,Equal Culturant-Operant,8,Impulse Incentive,AI Player 2,EVEN,EVEN,EVEN,320,23,0.03,7.32,310,23,0.03,7.28,304,23,0.03,7.14,Yes,316,2026-02-11T03:52:31.854Z
159,High Culturant,8,None,None,EVEN,EVEN,ODD,321,23,0.02,7.34,311,23,0.02,7.30,307,23,0.06,7.20,No,311,2026-02-11T03:52:44.256Z
160,Equal Culturant-Operant,8,Self Control Incentive,AI Player 3,ODD,EVEN,ODD,324,23,0.03,7.37,312,23,0.01,7.31,310,23,0.03,7.23,No,304,2026-02-11T03:52:58.838Z
161,Equal Culturant-Operant,8,None,None,ODD,ODD,EVEN,327,23,0.03,7.40,315,23,0.03,7.34,311,23,0.01,7.24,No,297,2026-02-11T03:53:10.479Z
162,High Culturant,8,Self Control Incentive,AI Player 1,ODD,EVEN,ODD,330,23,0.06,7.46,316,23,0.02,7.36,314,23,0.06,7.30,No,290,2026-02-11T03:53:24.550Z
163,High Operant,8,Self Control Incentive,AI Player 2,EVEN,EVEN,ODD,331,23,0.03,7.49,317,23,0.03,7.39,317,23,0.09,7.39,No,285,2026-02-11T03:53:36.548Z
164,High Culturant,8,Impulse Incentive,AI Player 2,ODD,ODD,ODD,334,23,0.06,7.55,320,23,0.06,7.45,320,23,0.06,7.45,No,276,2026-02-11T03:53:48.578Z
165,Equal Culturant-Operant,8,Self Control Incentive,AI Player 1,EVEN,ODD,ODD,335,23,0.01,7.56,323,23,0.03,7.48,323,23,0.03,7.48,No,269,2026-02-11T03:54:03.820Z
166,High Culturant,8,Self Control Incentive,AI Player 3,EVEN,ODD,EVEN,336,23,0.02,7.58,326,23,0.06,7.54,324,23,0.02,7.50,No,264,2026-02-11T03:54:17.993Z
167,Equal Culturant-Operant,8,Self Control Incentive,AI Player 2,EVEN,EVEN,EVEN,337,24,0.03,7.61,327,24,0.03,7.57,325,24,0.03,7.53,Yes,261,2026-02-11T03:54:30.125Z
168,High Operant,8,Impulse Incentive,AI Player 2,EVEN,ODD,ODD,338,24,0.03,7.64,330,24,0.09,7.66,328,24,0.09,7.62,No,254,2026-02-11T03:54:43.109Z
169,High Culturant,9,Impulse Incentive,AI Player 2,EVEN,ODD,ODD,339,24,0.02,7.66,333,24,0.06,7.72,331,24,0.06,7.68,No,247,2026-02-11T03:54:56.051Z
170,High Culturant,9,Impulse Incentive,AI Player 1,ODD,EVEN,EVEN,342,24,0.06,7.72,334,24,0.02,7.74,332,24,0.02,7.70,No,242,2026-02-11T03:55:09.705Z
171,High Operant,9,Self Control Incentive,AI Player 2,ODD,ODD,EVEN,345,24,0.09,7.81,337,24,0.09,7.83,333,24,0.03,7.73,No,235,2026-02-11T03:55:23.696Z
172,Equal Culturant-Operant,9,Self Control Incentive,AI Player 2,ODD,EVEN,ODD,348,24,0.03,7.84,338,24,0.01,7.84,336,24,0.03,7.76,No,228,2026-02-11T03:55:37.692Z
173,Equal Culturant-Operant,9,Impulse Incentive,AI Player 1,ODD,ODD,EVEN,351,24,0.03,7.87,341,24,0.03,7.87,337,24,0.01,7.77,No,221,2026-02-11T03:55:51.554Z
174,High Culturant,9,Impulse Incentive,AI Player 3,EVEN,ODD,EVEN,352,24,0.02,7.89,344,24,0.06,7.93,338,24,0.02,7.79,No,216,2026-02-11T03:56:03.431Z
175,High Operant,9,Impulse Incentive,AI Player 2,ODD,EVEN,ODD,355,24,0.09,7.98,345,24,0.03,7.96,341,24,0.09,7.88,No,209,2026-02-11T03:56:16.168Z
176,High Culturant,9,Self Control Incentive,AI Player 3,ODD,EVEN,EVEN,358,24,0.06,8.04,346,24,0.02,7.98,342,24,0.02,7.90,No,204,2026-02-11T03:56:28.223Z
177,Equal Culturant-Operant,9,Self Control Incentive,AI Player 3,EVEN,ODD,ODD,359,24,0.01,8.05,349,24,0.03,8.01,345,24,0.03,7.93,No,197,2026-02-11T03:56:40.285Z
178,High Operant,9,Impulse Incentive,AI Player 1,ODD,ODD,EVEN,362,24,0.09,8.14,352,24,0.09,8.10,346,24,0.03,7.96,No,190,2026-02-11T03:56:53.042Z
179,High Culturant,9,Self Control Incentive,AI Player 2,EVEN,EVEN,ODD,363,24,0.02,8.16,353,24,0.02,8.12,349,24,0.06,8.02,No,185,2026-02-11T03:57:06.284Z
180,Equal Culturant-Operant,9,Impulse Incentive,AI Player 2,ODD,ODD,ODD,366,24,0.03,8.19,356,24,0.03,8.15,352,24,0.03,8.05,No,176,2026-02-11T03:57:18.967Z
181,Equal Culturant-Operant,9,None,None,ODD,EVEN,ODD,369,24,0.03,8.22,357,24,0.01,8.16,355,24,0.03,8.08,No,169,2026-02-11T03:57:33.709Z
182,Equal Culturant-Operant,9,Impulse Incentive,AI Player 3,EVEN,EVEN,EVEN,370,25,0.03,8.25,358,25,0.03,8.19,356,25,0.03,8.11,Yes,166,2026-02-11T03:57:46.167Z
183,Equal Culturant-Operant,9,Self Control Incentive,AI Player 1,ODD,ODD,EVEN,373,25,0.03,8.28,361,25,0.03,8.22,357,25,0.01,8.12,No,159,2026-02-11T03:57:58.502Z
184,High Culturant,9,Self Control Incentive,AI Player 1,EVEN,EVEN,ODD,374,25,0.02,8.30,362,25,0.02,8.24,360,25,0.06,8.18,No,154,2026-02-11T03:58:11.823Z
185,High Operant,9,Self Control Incentive,AI Player 1,EVEN,ODD,EVEN,375,25,0.03,8.33,365,25,0.09,8.33,361,25,0.03,8.21,No,149,2026-02-11T03:58:25.753Z
186,High Culturant,9,None,None,ODD,ODD,EVEN,378,25,0.06,8.39,368,25,0.06,8.39,362,25,0.02,8.23,No,142,2026-02-11T03:58:39.554Z
187,High Operant,9,None,None,EVEN,EVEN,ODD,379,25,0.03,8.42,369,25,0.03,8.42,365,25,0.09,8.32,No,137,2026-02-11T03:58:52.964Z
188,High Operant,9,Self Control Incentive,AI Player 3,EVEN,ODD,ODD,380,25,0.03,8.45,372,25,0.09,8.51,368,25,0.09,8.41,No,130,2026-02-11T03:59:06.183Z
189,High Operant,9,Impulse Incentive,AI Player 3,EVEN,ODD,EVEN,381,25,0.03,8.48,375,25,0.09,8.60,369,25,0.03,8.44,No,125,2026-02-11T03:59:19.803Z